warehouse_id,sku,inventory_level
Office,SNS1001,1
Office,SNS1002,0
Office,SNS1003,1
Office,SNS1005,1
Office,SNS1006,0
Office,SNS1007,0
Office,SNS1008,0
Office,SNS1009,0
Office,SNS1010,1
Office,SNS1001U,0
Office,SNS1002U,0
Office,SNS1003U,0
Office,SNS1005U,0
Office,SNS1006U,0
Office,SNS1007U,0
Office,SNS2021,0
Office,SNS2022,0
Office,SNS2023,0
Office,SNS2025,0
Office,SNS2026,0
Office,SNS2027,0
Office,SNS2031,-1
Office,SNS2032,1
Office,SNS2033,0
Office,SNS2035,1
Office,SNS2036,-2
Office,SNS2037,0
Office,SNS2021U,0
Office,SNS2022U,0
Office,SNS2023U,0
Office,SNS2025U,0
Office,SNS2026U,0
Office,SNS2027U,0
Office,SNS2031U,0
Office,SNS2032U,0
Office,SNS2033U,1
Office,SNS2035U,1
Office,SNS2036U,-1
Office,SNS2037U,0
Office,SNS3001,0
Office,SNS3002,0
Office,SNS3003,0
Office,SNS3005,0
Office,SNS3006,2
Office,SNS3007,1
Office,SNS3001U,0
Office,SNS3002U,0
Office,SNS3003U,0
Office,SNS3005U,0
Office,SNS3006U,0
Office,SNS3007U,0
Office,SNST3001,4
Office,SNST3002,2
Office,SNST3003,9
Office,SNST3005,6
Office,SNST3006,9
Office,SNST3007,4
Office,SNSP1K,3
Office,SNSP1S,4
Office,SNSP2K,-1
Office,SNSP2S,0
Office,SNSBS1001D,4
Office,SNSBS1001W,4
Office,SNSBS1002D,2
Office,SNSBS1002W,0
Office,SNSBS1003D,5
Office,SNSBS1003S,5
Office,SNSBS1003T,0
Office,SNSBS1003V,2
Office,SNSBS1003W,1
Office,SNSBS1005D,14
Office,SNSBS1005T,0
Office,SNSBS1005S,0
Office,SNSBS1005V,0
Office,SNSBS1005W,25
Office,SNSBS1006D,6
Office,SNSBS1006S,3
Office,SNSBS1006T,10
Office,SNSBS1006V,11
Office,SNSBS1006W,13
Office,SNSBS1007D,2
Office,SNSBS1007W,0
Office,SNSBS2003C,3
Office,SNSBS2003F,0
Office,SNSBS2003L,4
Office,SNSBS2003M,1
Office,SNSBS2003N,2
Office,SNSBS2003O,3
Office,SNSBS2003OG,3
Office,SNSBS2003P,0
Office,SNSBS2003T,2
Office,SNSBS2003V,1
Office,SNSBS2005C,0
Office,SNSBS2005F,2
Office,SNSBS2005L,13
Office,SNSBS2005M,1
Office,SNSBS2005N,1
Office,SNSBS2005O,8
Office,SNSBS2005OG,0
Office,SNSBS2005P,2
Office,SNSBS2005T,8
Office,SNSBS2005V,2
Office,SNSBS2006C,7
Office,SNSBS2006F,5
Office,SNSBS2006L,8
Office,SNSBS2006M,0
Office,SNSBS2006N,4
Office,SNSBS2006O,7
Office,SNSBS2006OG,3
Office,SNSBS2006P,2
Office,SNSBS2006T,2
Office,SNSBS2006V,0
Office,SNSFS2003C,1
Office,SNSFS2003F,0
Office,SNSFS2003L,0
Office,SNSFS2003M,1
Office,SNSFS2003N,0
Office,SNSFS2003O,1
Office,SNSFS2003OG,0
Office,SNSFS2003P,0
Office,SNSFS2003T,2
Office,SNSFS2003V,0
Office,SNSFS2005C,0
Office,SNSFS2005F,7
Office,SNSFS2005L,9
Office,SNSFS2005M,0
Office,SNSFS2005N,3
Office,SNSFS2005O,2
Office,SNSFS2005OG,21
Office,SNSFS2005P,0
Office,SNSFS2005T,1
Office,SNSFS2005V,1
Office,SNSFS2006C,4
Office,SNSFS2006F,2
Office,SNSFS2006L,14
Office,SNSFS2006M,0
Office,SNSFS2006N,0
Office,SNSFS2006O,4
Office,SNSFS2006OG,14
Office,SNSFS2006P,0
Office,SNSFS2006T,0
Office,SNSFS2006V,1
Office,SNSCL4005W,16
Office,SNSCL4005O,4
Office,SNSCL4005L,1
Office,SNSCL4006W,1
Office,SNSCL4006O,4
Office,SNSCL4006L,7
Office,SNSQU4001W,1
Office,SNSQU4001O,0
Office,SNSQU4001L,0
Office,SNSQU4005W,2
Office,SNSQU4005O,3
Office,SNSQU4005L,0
Office,SNSQU4006W,0
Office,SNSQU4006O,6
Office,SNSQU4006L,6
Office,SNSPC1005D,11
Office,SNSPC1005S,0
Office,SNSPC1005V,7
Office,SNSPC1005W,0
Office,SNSPC1005T,0
Office,SNSPC1006D,1
Office,SNSPC1006S,0
Office,SNSPC1006V,0
Office,SNSPC1006W,0
Office,SNSPC1006T,4
Office,SNSPC2005F,5
Office,SNSPC2005L,4
Office,SNSPC2005M,0
Office,SNSPC2005N,3
Office,SNSPC2005O,1
Office,SNSPC2005P,5
Office,SNSPC2005T,4
Office,SNSPC2005OG,1
Office,SNSPC2005C,0
Office,SNSPC2005V,3
Office,SNSPC2006F,0
Office,SNSPC2006L,5
Office,SNSPC2006M,0
Office,SNSPC2006N,1
Office,SNSPC2006O,9
Office,SNSPC2006P,4
Office,SNSPC2006T,6
Office,SNSPC2006C,10
Office,SNSPC2006OG,51
Office,SNSPC2006V,2
Office,SNSBS5001D,0
Office,SNSBS5001W,0
Office,SNSBS5002D,0
Office,SNSBS5002W,0
Office,SNSBS5003D,0
Office,SNSBS5003W,0
Office,SNSBS5003O,1
Office,SNSBS5003T,0
Office,SNSBS5003TR,0
Office,SNSBS5003R,0
Office,SNSBS5003SG,0
Office,SNSBS5005D,5
Office,SNSBS5005W,0
Office,SNSBS5005O,8
Office,SNSBS5005T,0
Office,SNSBS5005TR,4
Office,SNSBS5005R,7
Office,SNSBS5005SG,4
Office,SNSBS5006D,1
Office,SNSBS5006W,5
Office,SNSBS5006O,3
Office,SNSBS5006T,0
Office,SNSBS5006TR,2
Office,SNSBS5006R,4
Office,SNSBS5006SG,2
Office,SNSBS5007D,0
Office,SNSBS5007W,0
Office,SNSDC5001D,0
Office,SNSDC5001W,4
Office,SNSDC5005D,3
Office,SNSDC5005W,2
Office,SNSDC5005O,3
Office,SNSDC5005T,0
Office,SNSDC5005TR,0
Office,SNSDC5005R,0
Office,SNSDC5005SG,0
Office,SNSDC5006D,1
Office,SNSDC5006W,5
Office,SNSDC5006O,1
Office,SNSDC5006T,0
Office,SNSDC5006TR,0
Office,SNSDC5006R,0
Office,SNSDC5006SG,0
Office,SNSSH5005D,4
Office,SNSSH5005W,2
Office,SNSSH5005O,0
Office,SNSSH5005T,2
Office,SNSSH5005TR,0
Office,SNSSH5005R,0
Office,SNSSH5005SG,2
Office,SNSSH5006D,0
Office,SNSSH5006W,0
Office,SNSSH5006O,1
Office,SNSSH5006T,0
Office,SNSSH5006TR,0
Office,SNSSH5006R,0
Office,SNSSH5006SG,1
Office,SNSPC3005B,0
Office,SNSPC3005D,3
Office,SNSPC3005G,7
Office,SNSPC3005P,85
Office,SNSPC3005S,0
Office,SNSPC3005W,224
Office,SNSPC3005A,81
Office,SNSPC3005E,2
Office,SNSPC3005R,44
Office,SNSPC3006B,0
Office,SNSPC3006D,3
Office,SNSPC3006G,5
Office,SNSPC3006P,85
Office,SNSPC3006S,0
Office,SNSPC3006W,6
Office,SNSPC3006A,33
Office,SNSPC3006E,1
Office,SNSPC3006R,42
Office,SNSSM3000D,63
Office,SNSSM3000W,71
Office,SNSSM3000P,73
Office,SNSSM3000G,68
Office,SNSSM3000A,0
Office,SNSSM3000R,77
Office,SNSSM3000E,141
Office,SNSPC4005W,1
Office,SNSPC4005O,2
Office,SNSPC4005L,1
Office,SNSPC4006W,4
Office,SNSPC4006O,3
Office,SNSPC4006L,9
Office,SNSDC1001D,0
Office,SNSDC1001W,4
Office,SNSDC1005D,30
Office,SNSDC1005S,4
Office,SNSDC1005V,8
Office,SNSDC1005W,23
Office,SNSDC1005T,6
Office,SNSDC1006D,19
Office,SNSDC1006S,3
Office,SNSDC1006V,9
Office,SNSDC1006W,19
Office,SNSDC1006T,9
Office,SNSDC2005F,0
Office,SNSDC2005L,5
Office,SNSDC2005M,0
Office,SNSDC2005N,8
Office,SNSDC2005O,0
Office,SNSDC2005P,0
Office,SNSDC2005T,1
Office,SNSDC2005OG,1
Office,SNSDC2005C,0
Office,SNSDC2005V,1
Office,SNSDC2006F,0
Office,SNSDC2006L,10
Office,SNSDC2006M,2
Office,SNSDC2006N,8
Office,SNSDC2006O,4
Office,SNSDC2006P,10
Office,SNSDC2006T,4
Office,SNSDC2006OG,0
Office,SNSDC2006C,1
Office,SNSDC2006V,1
Office,SNSDC4005W,11
Office,SNSDC4005O,0
Office,SNSDC4005L,0
Office,SNSDC4006W,0
Office,SNSDC4006O,1
Office,SNSDC4006L,3
Office,SNSTDV,0
Office,SNSFDV,0
Office,SNSKDV,0
Office,SNSDV2001W,0
Office,SNSDV2005W,0
Office,SNSDV2006W,7
Office,SNSDV2001L,-1
Office,SNSDV2005L,1
Office,SNSDV2006L,-2
Office,SNSDV2001A,1
Office,SNSDV2005A,0
Office,SNSDV2006A,-4
Office,SNSDV1001L,0
Office,SNSDV1005L,0
Office,SNSDV1006L,0
Office,SNSDV1001A,0
Office,SNSDV1005A,0
Office,SNSDV1006A,0
Office,SNSAT1000BE,88
Office,SNSAT1000BR,68
Office,SNSAT1000DE,36
Office,SNSAT1000MO,137
Office,SNSAT1000OS,1
Office,SNSAT1000SY,47
Office,SNSBATO1001WH,3
Office,SNSBATO1001WH2PK,0
Office,SNSBATO1001CP,0
Office,SNSBATO1001MR,11
Office,SNSBATO1001SA,8
Office,SNSBATO1001LG,1
Office,SNSBATO1001LG2PK,0
Office,SNSBATO1001NG,8
Office,SNSBATO1001NG2PK,0
Office,SNSBATO1001TB,2
Office,SNSBATO1001TB2PK,0
Office,SNSBATO1001FB,0
Office,SNSBATO1001FB2PK,0
Office,SNSBATO1002WH,1
Office,SNSBATO1002WH2PK,0
Office,SNSBATO1002CP,2
Office,SNSBATO1002MR,12
Office,SNSBATO1002MR2PK,0
Office,SNSBATO1002SA,12
Office,SNSBATO1002SA2PK,0
Office,SNSBATO1002LG,0
Office,SNSBATO1002LG2PK,0
Office,SNSBATO1002NG,0
Office,SNSBATO1002NG2PK,0
Office,SNSBATO1002TB,0
Office,SNSBATO1002TB2PK,0
Office,SNSBATO1002FB,3
Office,SNSBATO1002FB2PK,0
Office,SNSBATO1003WH,7
Office,SNSBATO1003CP,4
Office,SNSBATO1003MR,4
Office,SNSBATO1003SA,6
Office,SNSBATO1003LG,0
Office,SNSBATO1003NG,2
Office,SNSBATO1003TB,0
Office,SNSBATO1003FB,8
Office,SNSBATO1004WH,4
Office,SNSBATO1004CP,1
Office,SNSBATO1004MR,0
Office,SNSBATO1004SA,1
Office,SNSBATO1004LG,6
Office,SNSBATO1004NG,1
Office,SNSBATO1004TB,2
Office,SNSBATO1004FB,0
Office,SNSBAMA1001WH,6
Office,SNSBAMA1001CP,1
Office,SNSBAMA1001MR,2
Office,SNSBAMA1001SA,1
Office,SNSBAMA1001LG,0
Office,SNSBAMA1001NG,1
Office,SNSBAMA1001TB,4
Office,SNSBAMA1001FB,4
Office,SNSBAMA1002WH,0
Office,SNSBAMA1002CP,1
Office,SNSBAMA1002MR,0
Office,SNSBAMA1002SA,4
Office,SNSBAMA1002LG,4
Office,SNSBAMA1002NG,0
Office,SNSBAMA1002TB,0
Office,SNSBAMA1002FB,0
Office,SNSBATO2001WH,0
Office,SNSBATO2001CP,2
Office,SNSBATO2001CP2PK,0
Office,SNSBATO2001MR,2
Office,SNSBATO2001MR2PK,0
Office,SNSBATO2001SA,10
Office,SNSBATO2001LG,1
Office,SNSBATO2001LG2PK,0
Office,SNSBATO2001NG,6
Office,SNSBATO2001NG2PK,0
Office,SNSBATO2001TB,0
Office,SNSBATO2001TB2PK,0
Office,SNSBATO2001FB,0
Office,SNSBATO2001FB2PK,0
Office,SNSBATO2002WH,4
Office,SNSBATO2002CP,4
Office,SNSBATO2002MR,5
Office,SNSBATO2002MR2PK,0
Office,SNSBATO2002SA,0
Office,SNSBATO2002SA2PK,0
Office,SNSBATO2002LG,0
Office,SNSBATO2002LG2PK,0
Office,SNSBATO2002NG,7
Office,SNSBATO2002NG2Pk,0
Office,SNSBATO2002TB,0
Office,SNSBATO2002TB2PK,0
Office,SNSBATO2002FB,0
Office,SNSBATO2002FB2PK,0
Office,SNSBATO2003WH,6
Office,SNSBATO2003CP,4
Office,SNSBATO2003MR,4
Office,SNSBATO2003SA,2
Office,SNSBATO2003LG,4
Office,SNSBATO2003NG,0
Office,SNSBATO2003TB,3
Office,SNSBATO2003FB,1
Office,SNSBATO2004WH,2
Office,SNSBATO2004CP,0
Office,SNSBATO2004MR,0
Office,SNSBATO2004SA,0
Office,SNSBATO2004LG,3
Office,SNSBATO2004NG,1
Office,SNSBATO2004TB,2
Office,SNSBATO2004FB,6
Office,SNSBATO3001CS,3
Office,SNSBATO3001NE,0
Office,SNSBATO3001IS,4
Office,SNSBATO3001FN,2
Office,SNSBATO3001CT,0
Office,SNSBATO3001MB,4
Office,SNSBATO3002CS,9
Office,SNSBATO3002CS2PK,0
Office,SNSBATO3002NE,5
Office,SNSBATO3002IS,8
Office,SNSBATO3002FN,6
Office,SNSBATO3002CT,8
Office,SNSBATO3002CT2PK,0
Office,SNSBATO3002MB,5
Office,SNSBATO3003CS,13
Office,SNSBATO3003NE,7
Office,SNSBATO3003IS,6
Office,SNSBATO3003FN,3
Office,SNSBATO3003CT,5
Office,SNSBATO3003MB,4
Office,SNSBATO3004CS,9
Office,SNSBATO3004NE,2
Office,SNSBATO3004IS,2
Office,SNSBATO3004FN,3
Office,SNSBATO3004CT,4
Office,SNSBATO3004MB,0
Office,SNSBARO2001WH,3
Office,SNSBARO2001MR,4
Office,SNSBARO2001SA,3
Office,SNSBARO2001LG,2
Office,SNSBARO2002WH,9
Office,SNSBARO2002MR,0
Office,SNSBARO2002SA,2
Office,SNSBARO2002LG,0
Office,SNSBARO2003WH,3
Office,SNSBARO2003MR,0
Office,SNSBARO2003SA,1
Office,SNSBARO2003LG,0
Office,SNSBARO4001WH,0
Office,SNSBARO4001MR,0
Office,SNSBARO4001SA,0
Office,SNSBARO4001LG,2
Office,SNSBARO4002WH,1
Office,SNSBARO4002MR,4
Office,SNSBARO4002SA,6
Office,SNSBARO4002LG,3
Office,SNSBARO4003WH,1
Office,SNSBARO4003MR,2
Office,SNSBARO4003SA,0
Office,SNSBARO4003LG,1
Office,SNSWB1000B,12
Office,SNSWB1000D,0
Office,SNSWB1000G,2
Office,SNSWB1000P,0
Office,SNSWB1000V,0
Office,SNSWB1000T,1
Office,SNSWB1000C,0
Office,SNSWB1000E,0
Office,SNSWB1000F,0
Office,SNSWB1000O,0
Office,SNSWB1001B,5
Office,SNSWB1001D,0
Office,SNSWB1001G,2
Office,SNSWB1001P,9
Office,SNSWB1002B,2
Office,SNSWB1002D,0
Office,SNSWB1002G,7
Office,SNSWB1002P,0
Office,SNSWB1002V,12
Office,SNSWB1002T,0
Office,SNSWB1002C,0
Office,SNSWB1002E,0
Office,SNSWB1002F,0
Office,SNSWB1002O,0
Office,SNSWB1003B,0
Office,SNSWB1003D,0
Office,SNSWB1003G,0
Office,SNSWB1003P,0
Office,SNSWB1003V,14
Office,SNSWB1003T,0
Office,SNSWB1003C,0
Office,SNSWB1003E,0
Office,SNSWB1003F,0
Office,SNSWB1003O,0
Office,SNSWB1004B,0
Office,SNSWB1004D,0
Office,SNSWB1004G,14
Office,SNSWB1004P,1
Office,SNSWB1004V,0
Office,SNSWB1004T,0
Office,SNSWB1004C,1
Office,SNSWB1004E,0
Office,SNSWB1004F,0
Office,SNSWB1004O,0
Office,SNSWB2000B,1
Office,SNSWB2000C,1
Office,SNSWB2000E,1
Office,SNSWB2000F,1
Office,SNSWB2000G,0
Office,SNSWB2000O,0
Office,SNSWB2000T,1
Office,SNSWB2000V,1
Office,SNSWB2002B,1
Office,SNSWB2002C,0
Office,SNSWB2002E,0
Office,SNSWB2002F,1
Office,SNSWB2002G,2
Office,SNSWB2002O,0
Office,SNSWB2002T,0
Office,SNSWB2002V,2
Office,SNSWB2003B,0
Office,SNSWB2003C,0
Office,SNSWB2003E,0
Office,SNSWB2003F,0
Office,SNSWB2003G,0
Office,SNSWB2003O,3
Office,SNSWB2003T,2
Office,SNSWB2003V,0
Office,SNSWB2004B,0
Office,SNSWB2004C,1
Office,SNSWB2004E,0
Office,SNSWB2004F,0
Office,SNSWB2004G,0
Office,SNSWB2004O,0
Office,SNSWB2004T,0
Office,SNSWB2004V,0
Office,SNSWB2005B,0
Office,SNSWB2005C,0
Office,SNSWB2005E,0
Office,SNSWB2005F,1
Office,SNSWB2005G,1
Office,SNSWB2005O,0
Office,SNSWB2005T,0
Office,SNSWB2005V,1
Office,SNSDB0003W,4746
Office,SNSMATP3001M,1
Office,SNSMATP3002M,0
Office,SNSMATP3003M,-1
Office,SNSMATP3005M,-3
Office,SNSMATP3006M,0
Office,SNSMATP3007M,0
Office,SNSMATP3001F,0
Office,SNSMATP3002F,1
Office,SNSMATP3003F,1
Office,SNSMATP3005F,-1
Office,SNSMATP3006F,0
Office,SNSMATP3007F,0
Office,SNSMATP3001C,3
Office,SNSMATP3002C,14
Office,SNSMATP3003C,10
Office,SNSMATP3005C,13
Office,SNSMATP3006C,12
Office,SNSMATP3007C,1
Office,SNSPB4001M,1
Office,SNSPB4003M,1
Office,SNSPB4005M,0
Office,SNSPB4006M,0
Office,SNSBF4003G1,0
Office,SNSBF4003G2,0
Office,SNSBF4003P1,1
Office,SNSBF4003P2,1
Office,SNSBF4003O1,0
Office,SNSBF4003O2,0
Office,SNSBF4005G1,0
Office,SNSBF4005G2,0
Office,SNSBF4005P1,1
Office,SNSBF4005P2,0
Office,SNSBF4005O1,1
Office,SNSBF4005O2,0
Office,SNSBF4006G1,0
Office,SNSBF4006G2,0
Office,SNSBF4006P1,9
Office,SNSBF4006P2,5
Office,SNSBF4006O1,0
Office,SNSBF4006O2,1
Office,SNSBF4003CL1G,0
Office,SNSBF4003CL1H,0
Office,SNSBF4003CL2,0
Office,SNSBF4003SL1G,0
Office,SNSBF4003SL1H,0
Office,SNSBF4003SL2,0
Office,SNSBF4003ST1G,0
Office,SNSBF4003ST1H,0
Office,SNSBF4003ST2,0
Office,SNSBF4005CL1G,0
Office,SNSBF4005CL1H,0
Office,SNSBF4005CL2,0
Office,SNSBF4006CL1G,0
Office,SNSBF4006CL2,0
Office,SNSBF4006CL1H,0
Office,SNSBF4005SL1G,0
Office,SNSBF4005SL1H,0
Office,SNSBF4005SL2,0
Office,SNSBF4005ST1G,0
Office,SNSBF4005ST1H,0
Office,SNSBF4005ST2,0
Office,SNSBF4006ST1G,0
Office,SNSBF4006ST1H,0
Office,SNSBF4006ST2,0
Office,SNSSB4003O1,1
Office,SNSSB4003O2,1
Office,SNSSB4003P1,0
Office,SNSSB4003P2,0
Office,SNSSB4003G1,1
Office,SNSSB4003G2,1
Office,SNSSB4005G1,0
Office,SNSSB4005G2,0
Office,SNSSB4005O1,2
Office,SNSSB4005O2,2
Office,SNSSB4005P1,0
Office,SNSSB4005P2,1
Office,SNSSB4006O1,0
Office,SNSSB4006O2,-1
Office,SNSSB4006P1,1
Office,SNSSB4006P2,0
Office,SNSSB4006G1,3
Office,SNSSB4006G2,3
Office,SNSSB4006ST1,0
Office,SNSSB4006ST2,0
Office,SNSSB4006CL1,0
Office,SNSSB4006CL2,0
Office,SNSSB4005ST1,0
Office,SNSSB4005ST2,0
Office,SNSSB4005CL1,0
Office,SNSSB4005CL2,0
Office,SNSFNWO5001T1,3
Office,SNSFNWO5001T2,0
Office,SNSFNWO5003T1,0
Office,SNSFNWO5003T2,0
Office,SNSFNWO5005T1,-1
Office,SNSFNWO5005T2,1
Office,SNSFNWO5006T1,-1
Office,SNSFNWO5006T2,0
Office,SNSFNWO5001T3,4
Office,SNSFNWO5003T3,0
Office,SNSFNWO5005T3,8
Office,SNSFNWO5006T3,-1
Office,SNSFNWO5001T4,0
Office,SNSFNWO5003T4,0
Office,SNSFNWO5005T4,0
Office,SNSFNWO5006T4,0
SDR Distribution,SNS1001,9
SDR Distribution,SNS1002,9
SDR Distribution,SNS1003,35
SDR Distribution,SNS1005,55
SDR Distribution,SNS1006,28
SDR Distribution,SNS1007,14
SDR Distribution,SNS1008,25
SDR Distribution,SNS1009,27
SDR Distribution,SNS1010,2
SDR Distribution,SNS1001U,11
SDR Distribution,SNS1002U,20
SDR Distribution,SNS1003U,21
SDR Distribution,SNS1005U,15
SDR Distribution,SNS1006U,45
SDR Distribution,SNS1007U,12
SDR Distribution,SNS2021,0
SDR Distribution,SNS2022,0
SDR Distribution,SNS2023,0
SDR Distribution,SNS2025,0
SDR Distribution,SNS2026,0
SDR Distribution,SNS2027,0
SDR Distribution,SNS2031,0
SDR Distribution,SNS2032,13
SDR Distribution,SNS2033,-1
SDR Distribution,SNS2035,2
SDR Distribution,SNS2036,37
SDR Distribution,SNS2037,0
SDR Distribution,SNS2021U,0
SDR Distribution,SNS2022U,0
SDR Distribution,SNS2023U,0
SDR Distribution,SNS2025U,0
SDR Distribution,SNS2026U,0
SDR Distribution,SNS2027U,0
SDR Distribution,SNS2031U,10
SDR Distribution,SNS2032U,9
SDR Distribution,SNS2033U,23
SDR Distribution,SNS2035U,16
SDR Distribution,SNS2036U,11
SDR Distribution,SNS2037U,11
SDR Distribution,SNS3001,12
SDR Distribution,SNS3002,5
SDR Distribution,SNS3003,14
SDR Distribution,SNS3005,1
SDR Distribution,SNS3006,25
SDR Distribution,SNS3007,7
SDR Distribution,SNS3001U,0
SDR Distribution,SNS3002U,8
SDR Distribution,SNS3003U,4
SDR Distribution,SNS3005U,10
SDR Distribution,SNS3006U,19
SDR Distribution,SNS3007U,5
SDR Distribution,SNST3001,165
SDR Distribution,SNST3002,22
SDR Distribution,SNST3003,213
SDR Distribution,SNST3005,848
SDR Distribution,SNST3006,969
SDR Distribution,SNST3007,19
SDR Distribution,SNSP1K,1523
SDR Distribution,SNSP1S,2286
SDR Distribution,SNSP2K,1330
SDR Distribution,SNSP2S,1366
SDR Distribution,SNSBS1001D,90
SDR Distribution,SNSBS1001W,231
SDR Distribution,SNSBS1002D,113
SDR Distribution,SNSBS1002W,54
SDR Distribution,SNSBS1003D,97
SDR Distribution,SNSBS1003S,56
SDR Distribution,SNSBS1003T,67
SDR Distribution,SNSBS1003V,51
SDR Distribution,SNSBS1003W,386
SDR Distribution,SNSBS1005D,157
SDR Distribution,SNSBS1005T,295
SDR Distribution,SNSBS1005S,240
SDR Distribution,SNSBS1005V,181
SDR Distribution,SNSBS1005W,114
SDR Distribution,SNSBS1006D,71
SDR Distribution,SNSBS1006S,259
SDR Distribution,SNSBS1006T,194
SDR Distribution,SNSBS1006V,77
SDR Distribution,SNSBS1006W,248
SDR Distribution,SNSBS1007D,39
SDR Distribution,SNSBS1007W,68
SDR Distribution,SNSBS2003C,36
SDR Distribution,SNSBS2003F,-3
SDR Distribution,SNSBS2003L,21
SDR Distribution,SNSBS2003M,51
SDR Distribution,SNSBS2003N,26
SDR Distribution,SNSBS2003O,40
SDR Distribution,SNSBS2003OG,72
SDR Distribution,SNSBS2003P,0
SDR Distribution,SNSBS2003T,8
SDR Distribution,SNSBS2003V,56
SDR Distribution,SNSBS2005C,48
SDR Distribution,SNSBS2005F,43
SDR Distribution,SNSBS2005L,121
SDR Distribution,SNSBS2005M,159
SDR Distribution,SNSBS2005N,47
SDR Distribution,SNSBS2005O,145
SDR Distribution,SNSBS2005OG,175
SDR Distribution,SNSBS2005P,68
SDR Distribution,SNSBS2005T,82
SDR Distribution,SNSBS2005V,159
SDR Distribution,SNSBS2006C,36
SDR Distribution,SNSBS2006F,43
SDR Distribution,SNSBS2006L,122
SDR Distribution,SNSBS2006M,120
SDR Distribution,SNSBS2006N,46
SDR Distribution,SNSBS2006O,127
SDR Distribution,SNSBS2006OG,114
SDR Distribution,SNSBS2006P,66
SDR Distribution,SNSBS2006T,18
SDR Distribution,SNSBS2006V,115
SDR Distribution,SNSFS2003C,16
SDR Distribution,SNSFS2003F,1
SDR Distribution,SNSFS2003L,10
SDR Distribution,SNSFS2003M,29
SDR Distribution,SNSFS2003N,15
SDR Distribution,SNSFS2003O,0
SDR Distribution,SNSFS2003OG,36
SDR Distribution,SNSFS2003P,21
SDR Distribution,SNSFS2003T,7
SDR Distribution,SNSFS2003V,24
SDR Distribution,SNSFS2005C,57
SDR Distribution,SNSFS2005F,36
SDR Distribution,SNSFS2005L,75
SDR Distribution,SNSFS2005M,0
SDR Distribution,SNSFS2005N,22
SDR Distribution,SNSFS2005O,24
SDR Distribution,SNSFS2005OG,47
SDR Distribution,SNSFS2005P,48
SDR Distribution,SNSFS2005T,2
SDR Distribution,SNSFS2005V,55
SDR Distribution,SNSFS2006C,41
SDR Distribution,SNSFS2006F,7
SDR Distribution,SNSFS2006L,61
SDR Distribution,SNSFS2006M,0
SDR Distribution,SNSFS2006N,0
SDR Distribution,SNSFS2006O,19
SDR Distribution,SNSFS2006OG,42
SDR Distribution,SNSFS2006P,42
SDR Distribution,SNSFS2006T,0
SDR Distribution,SNSFS2006V,80
SDR Distribution,SNSCL4005W,315
SDR Distribution,SNSCL4005O,351
SDR Distribution,SNSCL4005L,128
SDR Distribution,SNSCL4006W,284
SDR Distribution,SNSCL4006O,331
SDR Distribution,SNSCL4006L,168
SDR Distribution,SNSQU4001W,102
SDR Distribution,SNSQU4001O,100
SDR Distribution,SNSQU4001L,45
SDR Distribution,SNSQU4005W,309
SDR Distribution,SNSQU4005O,118
SDR Distribution,SNSQU4005L,140
SDR Distribution,SNSQU4006W,240
SDR Distribution,SNSQU4006O,132
SDR Distribution,SNSQU4006L,97
SDR Distribution,SNSPC1005D,221
SDR Distribution,SNSPC1005S,0
SDR Distribution,SNSPC1005V,86
SDR Distribution,SNSPC1005W,-1
SDR Distribution,SNSPC1005T,69
SDR Distribution,SNSPC1006D,1
SDR Distribution,SNSPC1006S,0
SDR Distribution,SNSPC1006V,15
SDR Distribution,SNSPC1006W,3
SDR Distribution,SNSPC1006T,23
SDR Distribution,SNSPC2005F,93
SDR Distribution,SNSPC2005L,32
SDR Distribution,SNSPC2005M,113
SDR Distribution,SNSPC2005N,48
SDR Distribution,SNSPC2005O,6
SDR Distribution,SNSPC2005P,21
SDR Distribution,SNSPC2005T,47
SDR Distribution,SNSPC2005OG,27
SDR Distribution,SNSPC2005C,0
SDR Distribution,SNSPC2005V,15
SDR Distribution,SNSPC2006F,94
SDR Distribution,SNSPC2006L,18
SDR Distribution,SNSPC2006M,99
SDR Distribution,SNSPC2006N,38
SDR Distribution,SNSPC2006O,56
SDR Distribution,SNSPC2006P,21
SDR Distribution,SNSPC2006T,62
SDR Distribution,SNSPC2006C,2
SDR Distribution,SNSPC2006OG,0
SDR Distribution,SNSPC2006V,24
SDR Distribution,SNSBS5001D,14
SDR Distribution,SNSBS5001W,113
SDR Distribution,SNSBS5002D,41
SDR Distribution,SNSBS5002W,24
SDR Distribution,SNSBS5003D,82
SDR Distribution,SNSBS5003W,77
SDR Distribution,SNSBS5003O,23
SDR Distribution,SNSBS5003T,38
SDR Distribution,SNSBS5003TR,17
SDR Distribution,SNSBS5003R,0
SDR Distribution,SNSBS5003SG,7
SDR Distribution,SNSBS5005D,383
SDR Distribution,SNSBS5005W,61
SDR Distribution,SNSBS5005O,63
SDR Distribution,SNSBS5005T,78
SDR Distribution,SNSBS5005TR,153
SDR Distribution,SNSBS5005R,142
SDR Distribution,SNSBS5005SG,215
SDR Distribution,SNSBS5006D,250
SDR Distribution,SNSBS5006W,270
SDR Distribution,SNSBS5006O,39
SDR Distribution,SNSBS5006T,119
SDR Distribution,SNSBS5006TR,37
SDR Distribution,SNSBS5006R,81
SDR Distribution,SNSBS5006SG,115
SDR Distribution,SNSBS5007D,50
SDR Distribution,SNSBS5007W,43
SDR Distribution,SNSDC5001D,35
SDR Distribution,SNSDC5001W,19
SDR Distribution,SNSDC5005D,72
SDR Distribution,SNSDC5005W,82
SDR Distribution,SNSDC5005O,0
SDR Distribution,SNSDC5005T,0
SDR Distribution,SNSDC5005TR,0
SDR Distribution,SNSDC5005R,0
SDR Distribution,SNSDC5005SG,0
SDR Distribution,SNSDC5006D,65
SDR Distribution,SNSDC5006W,35
SDR Distribution,SNSDC5006O,0
SDR Distribution,SNSDC5006T,0
SDR Distribution,SNSDC5006TR,2
SDR Distribution,SNSDC5006R,18
SDR Distribution,SNSDC5006SG,33
SDR Distribution,SNSSH5005D,17
SDR Distribution,SNSSH5005W,0
SDR Distribution,SNSSH5005O,0
SDR Distribution,SNSSH5005T,0
SDR Distribution,SNSSH5005TR,0
SDR Distribution,SNSSH5005R,0
SDR Distribution,SNSSH5005SG,0
SDR Distribution,SNSSH5006D,13
SDR Distribution,SNSSH5006W,0
SDR Distribution,SNSSH5006O,0
SDR Distribution,SNSSH5006T,0
SDR Distribution,SNSSH5006TR,1
SDR Distribution,SNSSH5006R,0
SDR Distribution,SNSSH5006SG,0
SDR Distribution,SNSPC3005B,0
SDR Distribution,SNSPC3005D,399
SDR Distribution,SNSPC3005G,52
SDR Distribution,SNSPC3005P,0
SDR Distribution,SNSPC3005S,0
SDR Distribution,SNSPC3005W,0
SDR Distribution,SNSPC3005A,0
SDR Distribution,SNSPC3005E,1367
SDR Distribution,SNSPC3005R,116
SDR Distribution,SNSPC3006B,0
SDR Distribution,SNSPC3006D,147
SDR Distribution,SNSPC3006G,242
SDR Distribution,SNSPC3006P,238
SDR Distribution,SNSPC3006S,0
SDR Distribution,SNSPC3006W,202
SDR Distribution,SNSPC3006A,1
SDR Distribution,SNSPC3006E,447
SDR Distribution,SNSPC3006R,220
SDR Distribution,SNSSM3000D,45
SDR Distribution,SNSSM3000W,1075
SDR Distribution,SNSSM3000P,259
SDR Distribution,SNSSM3000G,562
SDR Distribution,SNSSM3000A,1
SDR Distribution,SNSSM3000R,160
SDR Distribution,SNSSM3000E,29
SDR Distribution,SNSPC4005W,239
SDR Distribution,SNSPC4005O,174
SDR Distribution,SNSPC4005L,94
SDR Distribution,SNSPC4006W,49
SDR Distribution,SNSPC4006O,135
SDR Distribution,SNSPC4006L,48
SDR Distribution,SNSDC1001D,27
SDR Distribution,SNSDC1001W,174
SDR Distribution,SNSDC1005D,255
SDR Distribution,SNSDC1005S,0
SDR Distribution,SNSDC1005V,78
SDR Distribution,SNSDC1005W,472
SDR Distribution,SNSDC1005T,106
SDR Distribution,SNSDC1006D,48
SDR Distribution,SNSDC1006S,57
SDR Distribution,SNSDC1006V,122
SDR Distribution,SNSDC1006W,148
SDR Distribution,SNSDC1006T,40
SDR Distribution,SNSDC2005F,8
SDR Distribution,SNSDC2005L,60
SDR Distribution,SNSDC2005M,211
SDR Distribution,SNSDC2005N,40
SDR Distribution,SNSDC2005O,128
SDR Distribution,SNSDC2005P,25
SDR Distribution,SNSDC2005T,20
SDR Distribution,SNSDC2005OG,44
SDR Distribution,SNSDC2005C,0
SDR Distribution,SNSDC2005V,74
SDR Distribution,SNSDC2006F,22
SDR Distribution,SNSDC2006L,21
SDR Distribution,SNSDC2006M,165
SDR Distribution,SNSDC2006N,11
SDR Distribution,SNSDC2006O,41
SDR Distribution,SNSDC2006P,51
SDR Distribution,SNSDC2006T,44
SDR Distribution,SNSDC2006OG,0
SDR Distribution,SNSDC2006C,1
SDR Distribution,SNSDC2006V,32
SDR Distribution,SNSDC4005W,216
SDR Distribution,SNSDC4005O,177
SDR Distribution,SNSDC4005L,103
SDR Distribution,SNSDC4006W,68
SDR Distribution,SNSDC4006O,101
SDR Distribution,SNSDC4006L,31
SDR Distribution,SNSTDV,0
SDR Distribution,SNSFDV,0
SDR Distribution,SNSKDV,0
SDR Distribution,SNSDV2001W,581
SDR Distribution,SNSDV2005W,471
SDR Distribution,SNSDV2006W,102
SDR Distribution,SNSDV2001L,402
SDR Distribution,SNSDV2005L,374
SDR Distribution,SNSDV2006L,195
SDR Distribution,SNSDV2001A,370
SDR Distribution,SNSDV2005A,1016
SDR Distribution,SNSDV2006A,970
SDR Distribution,SNSDV1001L,18
SDR Distribution,SNSDV1005L,20
SDR Distribution,SNSDV1006L,35
SDR Distribution,SNSDV1001A,31
SDR Distribution,SNSDV1005A,65
SDR Distribution,SNSDV1006A,30
SDR Distribution,SNSAT1000BE,0
SDR Distribution,SNSAT1000BR,0
SDR Distribution,SNSAT1000DE,0
SDR Distribution,SNSAT1000MO,0
SDR Distribution,SNSAT1000OS,0
SDR Distribution,SNSAT1000SY,0
SDR Distribution,SNSBATO1001WH,1
SDR Distribution,SNSBATO1001WH2PK,195
SDR Distribution,SNSBATO1001CP,242
SDR Distribution,SNSBATO1001MR,149
SDR Distribution,SNSBATO1001SA,139
SDR Distribution,SNSBATO1001LG,0
SDR Distribution,SNSBATO1001LG2PK,54
SDR Distribution,SNSBATO1001NG,21
SDR Distribution,SNSBATO1001NG2PK,99
SDR Distribution,SNSBATO1001TB,0
SDR Distribution,SNSBATO1001TB2PK,113
SDR Distribution,SNSBATO1001FB,1
SDR Distribution,SNSBATO1001FB2PK,96
SDR Distribution,SNSBATO1002WH,1
SDR Distribution,SNSBATO1002WH2PK,126
SDR Distribution,SNSBATO1002CP,214
SDR Distribution,SNSBATO1002MR,75
SDR Distribution,SNSBATO1002MR2PK,106
SDR Distribution,SNSBATO1002SA,7
SDR Distribution,SNSBATO1002SA2PK,174
SDR Distribution,SNSBATO1002LG,-6
SDR Distribution,SNSBATO1002LG2PK,91
SDR Distribution,SNSBATO1002NG,1
SDR Distribution,SNSBATO1002NG2PK,119
SDR Distribution,SNSBATO1002TB,0
SDR Distribution,SNSBATO1002TB2PK,46
SDR Distribution,SNSBATO1002FB,9
SDR Distribution,SNSBATO1002FB2PK,85
SDR Distribution,SNSBATO1003WH,315
SDR Distribution,SNSBATO1003CP,257
SDR Distribution,SNSBATO1003MR,165
SDR Distribution,SNSBATO1003SA,295
SDR Distribution,SNSBATO1003LG,74
SDR Distribution,SNSBATO1003NG,245
SDR Distribution,SNSBATO1003TB,11
SDR Distribution,SNSBATO1003FB,81
SDR Distribution,SNSBATO1004WH,174
SDR Distribution,SNSBATO1004CP,136
SDR Distribution,SNSBATO1004MR,60
SDR Distribution,SNSBATO1004SA,2
SDR Distribution,SNSBATO1004LG,91
SDR Distribution,SNSBATO1004NG,28
SDR Distribution,SNSBATO1004TB,71
SDR Distribution,SNSBATO1004FB,29
SDR Distribution,SNSBAMA1001WH,294
SDR Distribution,SNSBAMA1001CP,127
SDR Distribution,SNSBAMA1001MR,84
SDR Distribution,SNSBAMA1001SA,144
SDR Distribution,SNSBAMA1001LG,165
SDR Distribution,SNSBAMA1001NG,210
SDR Distribution,SNSBAMA1001TB,75
SDR Distribution,SNSBAMA1001FB,162
SDR Distribution,SNSBAMA1002WH,362
SDR Distribution,SNSBAMA1002CP,187
SDR Distribution,SNSBAMA1002MR,195
SDR Distribution,SNSBAMA1002SA,162
SDR Distribution,SNSBAMA1002LG,163
SDR Distribution,SNSBAMA1002NG,174
SDR Distribution,SNSBAMA1002TB,158
SDR Distribution,SNSBAMA1002FB,125
SDR Distribution,SNSBATO2001WH,151
SDR Distribution,SNSBATO2001CP,91
SDR Distribution,SNSBATO2001CP2PK,102
SDR Distribution,SNSBATO2001MR,64
SDR Distribution,SNSBATO2001MR2PK,101
SDR Distribution,SNSBATO2001SA,246
SDR Distribution,SNSBATO2001LG,0
SDR Distribution,SNSBATO2001LG2PK,83
SDR Distribution,SNSBATO2001NG,65
SDR Distribution,SNSBATO2001NG2PK,110
SDR Distribution,SNSBATO2001TB,0
SDR Distribution,SNSBATO2001TB2PK,96
SDR Distribution,SNSBATO2001FB,-7
SDR Distribution,SNSBATO2001FB2PK,92
SDR Distribution,SNSBATO2002WH,33
SDR Distribution,SNSBATO2002CP,117
SDR Distribution,SNSBATO2002MR,32
SDR Distribution,SNSBATO2002MR2PK,107
SDR Distribution,SNSBATO2002SA,0
SDR Distribution,SNSBATO2002SA2PK,49
SDR Distribution,SNSBATO2002LG,0
SDR Distribution,SNSBATO2002LG2PK,52
SDR Distribution,SNSBATO2002NG,9
SDR Distribution,SNSBATO2002NG2Pk,105
SDR Distribution,SNSBATO2002TB,0
SDR Distribution,SNSBATO2002TB2PK,23
SDR Distribution,SNSBATO2002FB,0
SDR Distribution,SNSBATO2002FB2PK,77
SDR Distribution,SNSBATO2003WH,132
SDR Distribution,SNSBATO2003CP,201
SDR Distribution,SNSBATO2003MR,154
SDR Distribution,SNSBATO2003SA,206
SDR Distribution,SNSBATO2003LG,163
SDR Distribution,SNSBATO2003NG,121
SDR Distribution,SNSBATO2003TB,258
SDR Distribution,SNSBATO2003FB,213
SDR Distribution,SNSBATO2004WH,117
SDR Distribution,SNSBATO2004CP,100
SDR Distribution,SNSBATO2004MR,82
SDR Distribution,SNSBATO2004SA,222
SDR Distribution,SNSBATO2004LG,183
SDR Distribution,SNSBATO2004NG,67
SDR Distribution,SNSBATO2004TB,86
SDR Distribution,SNSBATO2004FB,220
SDR Distribution,SNSBATO3001CS,174
SDR Distribution,SNSBATO3001NE,388
SDR Distribution,SNSBATO3001IS,395
SDR Distribution,SNSBATO3001FN,326
SDR Distribution,SNSBATO3001CT,315
SDR Distribution,SNSBATO3001MB,307
SDR Distribution,SNSBATO3002CS,0
SDR Distribution,SNSBATO3002CS2PK,230
SDR Distribution,SNSBATO3002NE,253
SDR Distribution,SNSBATO3002IS,301
SDR Distribution,SNSBATO3002FN,268
SDR Distribution,SNSBATO3002CT,161
SDR Distribution,SNSBATO3002CT2PK,239
SDR Distribution,SNSBATO3002MB,233
SDR Distribution,SNSBATO3003CS,455
SDR Distribution,SNSBATO3003NE,248
SDR Distribution,SNSBATO3003IS,328
SDR Distribution,SNSBATO3003FN,325
SDR Distribution,SNSBATO3003CT,679
SDR Distribution,SNSBATO3003MB,241
SDR Distribution,SNSBATO3004CS,122
SDR Distribution,SNSBATO3004NE,309
SDR Distribution,SNSBATO3004IS,356
SDR Distribution,SNSBATO3004FN,355
SDR Distribution,SNSBATO3004CT,299
SDR Distribution,SNSBATO3004MB,255
SDR Distribution,SNSBARO2001WH,150
SDR Distribution,SNSBARO2001MR,72
SDR Distribution,SNSBARO2001SA,76
SDR Distribution,SNSBARO2001LG,63
SDR Distribution,SNSBARO2002WH,3
SDR Distribution,SNSBARO2002MR,84
SDR Distribution,SNSBARO2002SA,1
SDR Distribution,SNSBARO2002LG,56
SDR Distribution,SNSBARO2003WH,60
SDR Distribution,SNSBARO2003MR,34
SDR Distribution,SNSBARO2003SA,55
SDR Distribution,SNSBARO2003LG,53
SDR Distribution,SNSBARO4001WH,185
SDR Distribution,SNSBARO4001MR,91
SDR Distribution,SNSBARO4001SA,218
SDR Distribution,SNSBARO4001LG,178
SDR Distribution,SNSBARO4002WH,232
SDR Distribution,SNSBARO4002MR,157
SDR Distribution,SNSBARO4002SA,154
SDR Distribution,SNSBARO4002LG,97
SDR Distribution,SNSBARO4003WH,114
SDR Distribution,SNSBARO4003MR,111
SDR Distribution,SNSBARO4003SA,102
SDR Distribution,SNSBARO4003LG,215
SDR Distribution,SNSWB1000B,123
SDR Distribution,SNSWB1000D,0
SDR Distribution,SNSWB1000G,197
SDR Distribution,SNSWB1000P,45
SDR Distribution,SNSWB1000V,71
SDR Distribution,SNSWB1000T,0
SDR Distribution,SNSWB1000C,46
SDR Distribution,SNSWB1000E,0
SDR Distribution,SNSWB1000F,0
SDR Distribution,SNSWB1000O,0
SDR Distribution,SNSWB1001B,0
SDR Distribution,SNSWB1001D,0
SDR Distribution,SNSWB1001G,0
SDR Distribution,SNSWB1001P,0
SDR Distribution,SNSWB1002B,123
SDR Distribution,SNSWB1002D,0
SDR Distribution,SNSWB1002G,296
SDR Distribution,SNSWB1002P,0
SDR Distribution,SNSWB1002V,33
SDR Distribution,SNSWB1002T,59
SDR Distribution,SNSWB1002C,319
SDR Distribution,SNSWB1002E,39
SDR Distribution,SNSWB1002F,33
SDR Distribution,SNSWB1002O,0
SDR Distribution,SNSWB1003B,87
SDR Distribution,SNSWB1003D,0
SDR Distribution,SNSWB1003G,217
SDR Distribution,SNSWB1003P,0
SDR Distribution,SNSWB1003V,23
SDR Distribution,SNSWB1003T,39
SDR Distribution,SNSWB1003C,142
SDR Distribution,SNSWB1003E,33
SDR Distribution,SNSWB1003F,0
SDR Distribution,SNSWB1003O,0
SDR Distribution,SNSWB1004B,0
SDR Distribution,SNSWB1004D,0
SDR Distribution,SNSWB1004G,0
SDR Distribution,SNSWB1004P,0
SDR Distribution,SNSWB1004V,0
SDR Distribution,SNSWB1004T,0
SDR Distribution,SNSWB1004C,32
SDR Distribution,SNSWB1004E,0
SDR Distribution,SNSWB1004F,0
SDR Distribution,SNSWB1004O,0
SDR Distribution,SNSWB2000B,10
SDR Distribution,SNSWB2000C,14
SDR Distribution,SNSWB2000E,2
SDR Distribution,SNSWB2000F,15
SDR Distribution,SNSWB2000G,31
SDR Distribution,SNSWB2000O,33
SDR Distribution,SNSWB2000T,0
SDR Distribution,SNSWB2000V,0
SDR Distribution,SNSWB2002B,41
SDR Distribution,SNSWB2002C,72
SDR Distribution,SNSWB2002E,74
SDR Distribution,SNSWB2002F,45
SDR Distribution,SNSWB2002G,70
SDR Distribution,SNSWB2002O,85
SDR Distribution,SNSWB2002T,42
SDR Distribution,SNSWB2002V,40
SDR Distribution,SNSWB2003B,54
SDR Distribution,SNSWB2003C,38
SDR Distribution,SNSWB2003E,87
SDR Distribution,SNSWB2003F,51
SDR Distribution,SNSWB2003G,49
SDR Distribution,SNSWB2003O,112
SDR Distribution,SNSWB2003T,12
SDR Distribution,SNSWB2003V,33
SDR Distribution,SNSWB2004B,3
SDR Distribution,SNSWB2004C,12
SDR Distribution,SNSWB2004E,20
SDR Distribution,SNSWB2004F,8
SDR Distribution,SNSWB2004G,16
SDR Distribution,SNSWB2004O,26
SDR Distribution,SNSWB2004T,4
SDR Distribution,SNSWB2004V,9
SDR Distribution,SNSWB2005B,110
SDR Distribution,SNSWB2005C,196
SDR Distribution,SNSWB2005E,125
SDR Distribution,SNSWB2005F,94
SDR Distribution,SNSWB2005G,224
SDR Distribution,SNSWB2005O,153
SDR Distribution,SNSWB2005T,77
SDR Distribution,SNSWB2005V,76
SDR Distribution,SNSDB0003W,51
SDR Distribution,SNSMATP3001M,63
SDR Distribution,SNSMATP3002M,127
SDR Distribution,SNSMATP3003M,142
SDR Distribution,SNSMATP3005M,367
SDR Distribution,SNSMATP3006M,249
SDR Distribution,SNSMATP3007M,36
SDR Distribution,SNSMATP3001F,40
SDR Distribution,SNSMATP3002F,130
SDR Distribution,SNSMATP3003F,138
SDR Distribution,SNSMATP3005F,263
SDR Distribution,SNSMATP3006F,152
SDR Distribution,SNSMATP3007F,40
SDR Distribution,SNSMATP3001C,10
SDR Distribution,SNSMATP3002C,8
SDR Distribution,SNSMATP3003C,11
SDR Distribution,SNSMATP3005C,50
SDR Distribution,SNSMATP3006C,30
SDR Distribution,SNSMATP3007C,6
SDR Distribution,SNSPB4001M,7
SDR Distribution,SNSPB4003M,80
SDR Distribution,SNSPB4005M,353
SDR Distribution,SNSPB4006M,31
SDR Distribution,SNSBF4003G1,2
SDR Distribution,SNSBF4003G2,0
SDR Distribution,SNSBF4003P1,0
SDR Distribution,SNSBF4003P2,2
SDR Distribution,SNSBF4003O1,0
SDR Distribution,SNSBF4003O2,0
SDR Distribution,SNSBF4005G1,0
SDR Distribution,SNSBF4005G2,2
SDR Distribution,SNSBF4005P1,22
SDR Distribution,SNSBF4005P2,0
SDR Distribution,SNSBF4005O1,0
SDR Distribution,SNSBF4005O2,0
SDR Distribution,SNSBF4006G1,63
SDR Distribution,SNSBF4006G2,60
SDR Distribution,SNSBF4006P1,371
SDR Distribution,SNSBF4006P2,382
SDR Distribution,SNSBF4006O1,0
SDR Distribution,SNSBF4006O2,5
SDR Distribution,SNSBF4003CL1G,26
SDR Distribution,SNSBF4003CL1H,20
SDR Distribution,SNSBF4003CL2,30
SDR Distribution,SNSBF4003SL1G,16
SDR Distribution,SNSBF4003SL1H,10
SDR Distribution,SNSBF4003SL2,20
SDR Distribution,SNSBF4003ST1G,16
SDR Distribution,SNSBF4003ST1H,10
SDR Distribution,SNSBF4003ST2,20
SDR Distribution,SNSBF4005CL1G,16
SDR Distribution,SNSBF4005CL1H,9
SDR Distribution,SNSBF4005CL2,24
SDR Distribution,SNSBF4006CL1G,37
SDR Distribution,SNSBF4006CL2,80
SDR Distribution,SNSBF4006CL1H,35
SDR Distribution,SNSBF4005SL1G,15
SDR Distribution,SNSBF4005SL1H,9
SDR Distribution,SNSBF4005SL2,19
SDR Distribution,SNSBF4005ST1G,13
SDR Distribution,SNSBF4005ST1H,9
SDR Distribution,SNSBF4005ST2,19
SDR Distribution,SNSBF4006ST1G,6
SDR Distribution,SNSBF4006ST1H,6
SDR Distribution,SNSBF4006ST2,15
SDR Distribution,SNSSB4003O1,-1
SDR Distribution,SNSSB4003O2,1
SDR Distribution,SNSSB4003P1,0
SDR Distribution,SNSSB4003P2,1
SDR Distribution,SNSSB4003G1,23
SDR Distribution,SNSSB4003G2,28
SDR Distribution,SNSSB4005G1,0
SDR Distribution,SNSSB4005G2,10
SDR Distribution,SNSSB4005O1,3
SDR Distribution,SNSSB4005O2,0
SDR Distribution,SNSSB4005P1,88
SDR Distribution,SNSSB4005P2,81
SDR Distribution,SNSSB4006O1,57
SDR Distribution,SNSSB4006O2,57
SDR Distribution,SNSSB4006P1,222
SDR Distribution,SNSSB4006P2,209
SDR Distribution,SNSSB4006G1,43
SDR Distribution,SNSSB4006G2,40
SDR Distribution,SNSSB4006ST1,0
SDR Distribution,SNSSB4006ST2,0
SDR Distribution,SNSSB4006CL1,0
SDR Distribution,SNSSB4006CL2,0
SDR Distribution,SNSSB4005ST1,0
SDR Distribution,SNSSB4005ST2,0
SDR Distribution,SNSSB4005CL1,0
SDR Distribution,SNSSB4005CL2,0
SDR Distribution,SNSFNWO5001T1,9
SDR Distribution,SNSFNWO5001T2,17
SDR Distribution,SNSFNWO5003T1,6
SDR Distribution,SNSFNWO5003T2,4
SDR Distribution,SNSFNWO5005T1,114
SDR Distribution,SNSFNWO5005T2,110
SDR Distribution,SNSFNWO5006T1,137
SDR Distribution,SNSFNWO5006T2,141
SDR Distribution,SNSFNWO5001T3,0
SDR Distribution,SNSFNWO5003T3,0
SDR Distribution,SNSFNWO5005T3,72
SDR Distribution,SNSFNWO5006T3,87
SDR Distribution,SNSFNWO5001T4,11
SDR Distribution,SNSFNWO5003T4,9
SDR Distribution,SNSFNWO5005T4,0
SDR Distribution,SNSFNWO5006T4,28
SDR Distribution - Calgary,SNS1001,6
SDR Distribution - Calgary,SNS1002,3
SDR Distribution - Calgary,SNS1003,18
SDR Distribution - Calgary,SNS1005,36
SDR Distribution - Calgary,SNS1006,27
SDR Distribution - Calgary,SNS1007,0
SDR Distribution - Calgary,SNS1008,0
SDR Distribution - Calgary,SNS1009,0
SDR Distribution - Calgary,SNS1010,0
SDR Distribution - Calgary,SNS1001U,9
SDR Distribution - Calgary,SNS1002U,9
SDR Distribution - Calgary,SNS1003U,9
SDR Distribution - Calgary,SNS1005U,18
SDR Distribution - Calgary,SNS1006U,9
SDR Distribution - Calgary,SNS1007U,0
SDR Distribution - Calgary,SNS2031,25
SDR Distribution - Calgary,SNS2032,3
SDR Distribution - Calgary,SNS2033,6
SDR Distribution - Calgary,SNS2035,0
SDR Distribution - Calgary,SNS2036,0
SDR Distribution - Calgary,SNS2037,4
SDR Distribution - Calgary,SNS2031U,12
SDR Distribution - Calgary,SNS2032U,11
SDR Distribution - Calgary,SNS2033U,17
SDR Distribution - Calgary,SNS2035U,15
SDR Distribution - Calgary,SNS2036U,15
SDR Distribution - Calgary,SNS2037U,0
SDR Distribution - Calgary,SNS3001,0
SDR Distribution - Calgary,SNST3001,176
SDR Distribution - Calgary,SNST3002,242
SDR Distribution - Calgary,SNST3003,204
SDR Distribution - Calgary,SNST3005,817
SDR Distribution - Calgary,SNST3006,644
SDR Distribution - Calgary,SNST3007,18
SDR Distribution - Calgary,SNSP1K,522
SDR Distribution - Calgary,SNSP1S,768
SDR Distribution - Calgary,SNSP2K,82
SDR Distribution - Calgary,SNSP2S,267
SDR Distribution - Calgary,SNSBS1001D,1
SDR Distribution - Calgary,SNSBS1001W,0
SDR Distribution - Calgary,SNSBS1002D,9
SDR Distribution - Calgary,SNSBS1002W,0
SDR Distribution - Calgary,SNSBS1003D,28
SDR Distribution - Calgary,SNSBS1003S,14
SDR Distribution - Calgary,SNSBS1003T,0
SDR Distribution - Calgary,SNSBS1003V,26
SDR Distribution - Calgary,SNSBS1003W,0
SDR Distribution - Calgary,SNSBS1005D,65
SDR Distribution - Calgary,SNSBS1005T,0
SDR Distribution - Calgary,SNSBS1005S,0
SDR Distribution - Calgary,SNSBS1005V,117
SDR Distribution - Calgary,SNSBS1005W,341
SDR Distribution - Calgary,SNSBS1006D,5
SDR Distribution - Calgary,SNSBS1006S,0
SDR Distribution - Calgary,SNSBS1006T,5
SDR Distribution - Calgary,SNSBS1006V,72
SDR Distribution - Calgary,SNSBS1006W,109
SDR Distribution - Calgary,SNSBS1007D,0
SDR Distribution - Calgary,SNSBS1007W,6
SDR Distribution - Calgary,SNSBS2003C,1
SDR Distribution - Calgary,SNSBS2003F,16
SDR Distribution - Calgary,SNSBS2003L,6
SDR Distribution - Calgary,SNSBS2003M,7
SDR Distribution - Calgary,SNSBS2003N,4
SDR Distribution - Calgary,SNSBS2003O,6
SDR Distribution - Calgary,SNSBS2003OG,4
SDR Distribution - Calgary,SNSBS2003P,32
SDR Distribution - Calgary,SNSBS2003T,3
SDR Distribution - Calgary,SNSBS2003V,6
SDR Distribution - Calgary,SNSBS2005C,0
SDR Distribution - Calgary,SNSBS2005F,0
SDR Distribution - Calgary,SNSBS2005L,9
SDR Distribution - Calgary,SNSBS2005M,0
SDR Distribution - Calgary,SNSBS2005N,9
SDR Distribution - Calgary,SNSBS2005O,9
SDR Distribution - Calgary,SNSBS2005OG,0
SDR Distribution - Calgary,SNSBS2005P,0
SDR Distribution - Calgary,SNSBS2005T,0
SDR Distribution - Calgary,SNSBS2005V,0
SDR Distribution - Calgary,SNSBS2006C,10
SDR Distribution - Calgary,SNSBS2006F,4
SDR Distribution - Calgary,SNSBS2006L,6
SDR Distribution - Calgary,SNSBS2006M,74
SDR Distribution - Calgary,SNSBS2006N,2
SDR Distribution - Calgary,SNSBS2006O,12
SDR Distribution - Calgary,SNSBS2006OG,0
SDR Distribution - Calgary,SNSBS2006P,0
SDR Distribution - Calgary,SNSBS2006T,0
SDR Distribution - Calgary,SNSBS2006V,0
SDR Distribution - Calgary,SNSFS2003C,2
SDR Distribution - Calgary,SNSFS2003F,8
SDR Distribution - Calgary,SNSFS2003L,8
SDR Distribution - Calgary,SNSFS2003M,0
SDR Distribution - Calgary,SNSFS2003N,9
SDR Distribution - Calgary,SNSFS2003O,0
SDR Distribution - Calgary,SNSFS2003OG,6
SDR Distribution - Calgary,SNSFS2003P,0
SDR Distribution - Calgary,SNSFS2003T,5
SDR Distribution - Calgary,SNSFS2003V,6
SDR Distribution - Calgary,SNSFS2005C,16
SDR Distribution - Calgary,SNSFS2005F,0
SDR Distribution - Calgary,SNSFS2005L,6
SDR Distribution - Calgary,SNSFS2005M,0
SDR Distribution - Calgary,SNSFS2005N,0
SDR Distribution - Calgary,SNSFS2005O,5
SDR Distribution - Calgary,SNSFS2005OG,0
SDR Distribution - Calgary,SNSFS2005P,0
SDR Distribution - Calgary,SNSFS2005T,0
SDR Distribution - Calgary,SNSFS2005V,0
SDR Distribution - Calgary,SNSFS2006C,4
SDR Distribution - Calgary,SNSFS2006F,0
SDR Distribution - Calgary,SNSFS2006L,2
SDR Distribution - Calgary,SNSFS2006M,0
SDR Distribution - Calgary,SNSFS2006N,0
SDR Distribution - Calgary,SNSFS2006O,0
SDR Distribution - Calgary,SNSFS2006OG,0
SDR Distribution - Calgary,SNSFS2006P,2
SDR Distribution - Calgary,SNSFS2006T,0
SDR Distribution - Calgary,SNSFS2006V,0
SDR Distribution - Calgary,SNSCL4005W,14
SDR Distribution - Calgary,SNSCL4005O,0
SDR Distribution - Calgary,SNSCL4005L,3
SDR Distribution - Calgary,SNSCL4006W,10
SDR Distribution - Calgary,SNSCL4006O,0
SDR Distribution - Calgary,SNSCL4006L,0
SDR Distribution - Calgary,SNSQU4001W,0
SDR Distribution - Calgary,SNSQU4001O,0
SDR Distribution - Calgary,SNSQU4001L,0
SDR Distribution - Calgary,SNSQU4005W,0
SDR Distribution - Calgary,SNSQU4005O,0
SDR Distribution - Calgary,SNSQU4005L,0
SDR Distribution - Calgary,SNSQU4006W,0
SDR Distribution - Calgary,SNSQU4006O,0
SDR Distribution - Calgary,SNSQU4006L,0
SDR Distribution - Calgary,SNSPC1005D,2
SDR Distribution - Calgary,SNSPC1005S,0
SDR Distribution - Calgary,SNSPC1005V,25
SDR Distribution - Calgary,SNSPC1005W,39
SDR Distribution - Calgary,SNSPC1005T,0
SDR Distribution - Calgary,SNSPC1006D,18
SDR Distribution - Calgary,SNSPC1006S,0
SDR Distribution - Calgary,SNSPC1006V,0
SDR Distribution - Calgary,SNSPC1006W,0
SDR Distribution - Calgary,SNSPC1006T,0
SDR Distribution - Calgary,SNSPC2005F,0
SDR Distribution - Calgary,SNSPC2005L,6
SDR Distribution - Calgary,SNSPC2005M,0
SDR Distribution - Calgary,SNSPC2005N,14
SDR Distribution - Calgary,SNSPC2005O,0
SDR Distribution - Calgary,SNSPC2005P,5
SDR Distribution - Calgary,SNSPC2005T,0
SDR Distribution - Calgary,SNSPC2005OG,0
SDR Distribution - Calgary,SNSPC2005C,0
SDR Distribution - Calgary,SNSPC2005V,1
SDR Distribution - Calgary,SNSPC2006F,21
SDR Distribution - Calgary,SNSPC2006L,18
SDR Distribution - Calgary,SNSPC2006M,0
SDR Distribution - Calgary,SNSPC2006N,18
SDR Distribution - Calgary,SNSPC2006O,0
SDR Distribution - Calgary,SNSPC2006P,17
SDR Distribution - Calgary,SNSPC2006T,1
SDR Distribution - Calgary,SNSPC2006C,0
SDR Distribution - Calgary,SNSPC2006OG,1
SDR Distribution - Calgary,SNSPC2006V,0
SDR Distribution - Calgary,SNSBS5001D,0
SDR Distribution - Calgary,SNSBS5001W,0
SDR Distribution - Calgary,SNSBS5002D,0
SDR Distribution - Calgary,SNSBS5002W,0
SDR Distribution - Calgary,SNSBS5003D,0
SDR Distribution - Calgary,SNSBS5003W,0
SDR Distribution - Calgary,SNSBS5003O,0
SDR Distribution - Calgary,SNSBS5003T,0
SDR Distribution - Calgary,SNSBS5003TR,0
SDR Distribution - Calgary,SNSBS5003R,0
SDR Distribution - Calgary,SNSBS5003SG,0
SDR Distribution - Calgary,SNSBS5005D,0
SDR Distribution - Calgary,SNSBS5005W,369
SDR Distribution - Calgary,SNSBS5005O,0
SDR Distribution - Calgary,SNSBS5005T,0
SDR Distribution - Calgary,SNSBS5005TR,0
SDR Distribution - Calgary,SNSBS5005R,0
SDR Distribution - Calgary,SNSBS5005SG,0
SDR Distribution - Calgary,SNSBS5006D,0
SDR Distribution - Calgary,SNSBS5006W,34
SDR Distribution - Calgary,SNSBS5006O,0
SDR Distribution - Calgary,SNSBS5006T,0
SDR Distribution - Calgary,SNSBS5006TR,0
SDR Distribution - Calgary,SNSBS5006R,0
SDR Distribution - Calgary,SNSBS5006SG,0
SDR Distribution - Calgary,SNSBS5007D,0
SDR Distribution - Calgary,SNSBS5007W,0
SDR Distribution - Calgary,SNSDC5001D,0
SDR Distribution - Calgary,SNSDC5001W,0
SDR Distribution - Calgary,SNSDC5005D,0
SDR Distribution - Calgary,SNSDC5005W,0
SDR Distribution - Calgary,SNSDC5005O,0
SDR Distribution - Calgary,SNSDC5005T,0
SDR Distribution - Calgary,SNSDC5005TR,0
SDR Distribution - Calgary,SNSDC5005R,0
SDR Distribution - Calgary,SNSDC5005SG,0
SDR Distribution - Calgary,SNSDC5006D,0
SDR Distribution - Calgary,SNSDC5006W,0
SDR Distribution - Calgary,SNSDC5006O,0
SDR Distribution - Calgary,SNSDC5006T,0
SDR Distribution - Calgary,SNSDC5006TR,0
SDR Distribution - Calgary,SNSDC5006R,0
SDR Distribution - Calgary,SNSDC5006SG,0
SDR Distribution - Calgary,SNSSH5005D,0
SDR Distribution - Calgary,SNSSH5005W,0
SDR Distribution - Calgary,SNSSH5005O,0
SDR Distribution - Calgary,SNSSH5005T,0
SDR Distribution - Calgary,SNSSH5005TR,0
SDR Distribution - Calgary,SNSSH5005R,0
SDR Distribution - Calgary,SNSSH5005SG,0
SDR Distribution - Calgary,SNSSH5006D,0
SDR Distribution - Calgary,SNSSH5006W,0
SDR Distribution - Calgary,SNSSH5006O,0
SDR Distribution - Calgary,SNSSH5006T,0
SDR Distribution - Calgary,SNSSH5006TR,0
SDR Distribution - Calgary,SNSSH5006R,0
SDR Distribution - Calgary,SNSSH5006SG,0
SDR Distribution - Calgary,SNSPC4005W,0
SDR Distribution - Calgary,SNSPC4005O,0
SDR Distribution - Calgary,SNSPC4005L,0
SDR Distribution - Calgary,SNSPC4006W,0
SDR Distribution - Calgary,SNSPC4006O,0
SDR Distribution - Calgary,SNSPC4006L,0
SDR Distribution - Calgary,SNSDC1001D,0
SDR Distribution - Calgary,SNSDC1001W,0
SDR Distribution - Calgary,SNSDC1005D,14
SDR Distribution - Calgary,SNSDC1005S,19
SDR Distribution - Calgary,SNSDC1005V,31
SDR Distribution - Calgary,SNSDC1005W,0
SDR Distribution - Calgary,SNSDC1005T,0
SDR Distribution - Calgary,SNSDC1006D,18
SDR Distribution - Calgary,SNSDC1006S,4
SDR Distribution - Calgary,SNSDC1006V,26
SDR Distribution - Calgary,SNSDC1006W,37
SDR Distribution - Calgary,SNSDC1006T,0
SDR Distribution - Calgary,SNSDC2005F,0
SDR Distribution - Calgary,SNSDC2005L,3
SDR Distribution - Calgary,SNSDC2005M,0
SDR Distribution - Calgary,SNSDC2005N,0
SDR Distribution - Calgary,SNSDC2005O,0
SDR Distribution - Calgary,SNSDC2005P,0
SDR Distribution - Calgary,SNSDC2005T,0
SDR Distribution - Calgary,SNSDC2005OG,0
SDR Distribution - Calgary,SNSDC2005C,0
SDR Distribution - Calgary,SNSDC2005V,0
SDR Distribution - Calgary,SNSDC2006F,0
SDR Distribution - Calgary,SNSDC2006L,0
SDR Distribution - Calgary,SNSDC2006M,0
SDR Distribution - Calgary,SNSDC2006N,0
SDR Distribution - Calgary,SNSDC2006O,0
SDR Distribution - Calgary,SNSDC2006P,0
SDR Distribution - Calgary,SNSDC2006T,0
SDR Distribution - Calgary,SNSDC2006OG,0
SDR Distribution - Calgary,SNSDC2006C,0
SDR Distribution - Calgary,SNSDC2006V,0
SDR Distribution - Calgary,SNSDC4005W,0
SDR Distribution - Calgary,SNSDC4005O,0
SDR Distribution - Calgary,SNSDC4005L,0
SDR Distribution - Calgary,SNSDC4006W,0
SDR Distribution - Calgary,SNSDC4006O,0
SDR Distribution - Calgary,SNSDC4006L,0
SDR Distribution - Calgary,SNSDV2001W,27
SDR Distribution - Calgary,SNSDV2005W,50
SDR Distribution - Calgary,SNSDV2006W,17
SDR Distribution - Calgary,SNSDV2001L,0
SDR Distribution - Calgary,SNSDV2005L,0
SDR Distribution - Calgary,SNSDV2006L,0
SDR Distribution - Calgary,SNSDV2001A,0
SDR Distribution - Calgary,SNSDV2005A,310
SDR Distribution - Calgary,SNSDV2006A,245
SDR Distribution - Calgary,SNSBATO1001WH,0
SDR Distribution - Calgary,SNSBATO1001WH2PK,0
SDR Distribution - Calgary,SNSBATO1001CP,0
SDR Distribution - Calgary,SNSBATO1001MR,0
SDR Distribution - Calgary,SNSBATO1001SA,0
SDR Distribution - Calgary,SNSBATO1001LG,0
SDR Distribution - Calgary,SNSBATO1001LG2PK,0
SDR Distribution - Calgary,SNSBATO1001NG,0
SDR Distribution - Calgary,SNSBATO1001NG2PK,0
SDR Distribution - Calgary,SNSBATO1001TB,0
SDR Distribution - Calgary,SNSBATO1001TB2PK,0
SDR Distribution - Calgary,SNSBATO1001FB,0
SDR Distribution - Calgary,SNSBATO1001FB2PK,0
SDR Distribution - Calgary,SNSBATO1002WH,0
SDR Distribution - Calgary,SNSBATO1002WH2PK,0
SDR Distribution - Calgary,SNSBATO1002CP,0
SDR Distribution - Calgary,SNSBATO1002MR,0
SDR Distribution - Calgary,SNSBATO1002MR2PK,0
SDR Distribution - Calgary,SNSBATO1002SA,0
SDR Distribution - Calgary,SNSBATO1002SA2PK,0
SDR Distribution - Calgary,SNSBATO1002LG,0
SDR Distribution - Calgary,SNSBATO1002LG2PK,0
SDR Distribution - Calgary,SNSBATO1002NG,0
SDR Distribution - Calgary,SNSBATO1002NG2PK,0
SDR Distribution - Calgary,SNSBATO1002TB,0
SDR Distribution - Calgary,SNSBATO1002TB2PK,0
SDR Distribution - Calgary,SNSBATO1002FB,0
SDR Distribution - Calgary,SNSBATO1002FB2PK,0
SDR Distribution - Calgary,SNSBATO1003WH,0
SDR Distribution - Calgary,SNSBATO1003CP,0
SDR Distribution - Calgary,SNSBATO1003MR,0
SDR Distribution - Calgary,SNSBATO1003SA,0
SDR Distribution - Calgary,SNSBATO1003LG,0
SDR Distribution - Calgary,SNSBATO1003NG,0
SDR Distribution - Calgary,SNSBATO1003TB,0
SDR Distribution - Calgary,SNSBATO1003FB,0
SDR Distribution - Calgary,SNSBATO1004WH,0
SDR Distribution - Calgary,SNSBATO1004CP,0
SDR Distribution - Calgary,SNSBATO1004MR,0
SDR Distribution - Calgary,SNSBATO1004SA,0
SDR Distribution - Calgary,SNSBATO1004LG,0
SDR Distribution - Calgary,SNSBATO1004NG,0
SDR Distribution - Calgary,SNSBATO1004TB,0
SDR Distribution - Calgary,SNSBATO1004FB,0
SDR Distribution - Calgary,SNSBAMA1001WH,0
SDR Distribution - Calgary,SNSBAMA1001CP,0
SDR Distribution - Calgary,SNSBAMA1001MR,0
SDR Distribution - Calgary,SNSBAMA1001SA,0
SDR Distribution - Calgary,SNSBAMA1001LG,0
SDR Distribution - Calgary,SNSBAMA1001NG,0
SDR Distribution - Calgary,SNSBAMA1001TB,0
SDR Distribution - Calgary,SNSBAMA1001FB,0
SDR Distribution - Calgary,SNSBAMA1002WH,0
SDR Distribution - Calgary,SNSBAMA1002CP,0
SDR Distribution - Calgary,SNSBAMA1002MR,0
SDR Distribution - Calgary,SNSBAMA1002SA,0
SDR Distribution - Calgary,SNSBAMA1002LG,0
SDR Distribution - Calgary,SNSBAMA1002NG,0
SDR Distribution - Calgary,SNSBAMA1002TB,0
SDR Distribution - Calgary,SNSBAMA1002FB,0
SDR Distribution - Calgary,SNSBATO2001WH,0
SDR Distribution - Calgary,SNSBATO2001CP,0
SDR Distribution - Calgary,SNSBATO2001CP2PK,0
SDR Distribution - Calgary,SNSBATO2001MR,0
SDR Distribution - Calgary,SNSBATO2001MR2PK,0
SDR Distribution - Calgary,SNSBATO2001SA,0
SDR Distribution - Calgary,SNSBATO2001LG,0
SDR Distribution - Calgary,SNSBATO2001LG2PK,0
SDR Distribution - Calgary,SNSBATO2001NG,0
SDR Distribution - Calgary,SNSBATO2001NG2PK,0
SDR Distribution - Calgary,SNSBATO2001TB,0
SDR Distribution - Calgary,SNSBATO2001TB2PK,0
SDR Distribution - Calgary,SNSBATO2001FB,0
SDR Distribution - Calgary,SNSBATO2001FB2PK,0
SDR Distribution - Calgary,SNSBATO2002WH,0
SDR Distribution - Calgary,SNSBATO2002CP,0
SDR Distribution - Calgary,SNSBATO2002MR,0
SDR Distribution - Calgary,SNSBATO2002MR2PK,0
SDR Distribution - Calgary,SNSBATO2002SA,0
SDR Distribution - Calgary,SNSBATO2002SA2PK,0
SDR Distribution - Calgary,SNSBATO2002LG,0
SDR Distribution - Calgary,SNSBATO2002LG2PK,0
SDR Distribution - Calgary,SNSBATO2002NG,0
SDR Distribution - Calgary,SNSBATO2002NG2Pk,0
SDR Distribution - Calgary,SNSBATO2002TB,0
SDR Distribution - Calgary,SNSBATO2002TB2PK,0
SDR Distribution - Calgary,SNSBATO2002FB,0
SDR Distribution - Calgary,SNSBATO2002FB2PK,0
SDR Distribution - Calgary,SNSBATO2003WH,0
SDR Distribution - Calgary,SNSBATO2003CP,0
SDR Distribution - Calgary,SNSBATO2003MR,0
SDR Distribution - Calgary,SNSBATO2003SA,0
SDR Distribution - Calgary,SNSBATO2003LG,0
SDR Distribution - Calgary,SNSBATO2003NG,0
SDR Distribution - Calgary,SNSBATO2003TB,0
SDR Distribution - Calgary,SNSBATO2003FB,0
SDR Distribution - Calgary,SNSBATO2004WH,0
SDR Distribution - Calgary,SNSBATO2004CP,0
SDR Distribution - Calgary,SNSBATO2004MR,0
SDR Distribution - Calgary,SNSBATO2004SA,0
SDR Distribution - Calgary,SNSBATO2004LG,0
SDR Distribution - Calgary,SNSBATO2004NG,0
SDR Distribution - Calgary,SNSBATO2004TB,0
SDR Distribution - Calgary,SNSBATO2004FB,0
SDR Distribution - Calgary,SNSBATO3001CS,0
SDR Distribution - Calgary,SNSBATO3001NE,0
SDR Distribution - Calgary,SNSBATO3001IS,0
SDR Distribution - Calgary,SNSBATO3001FN,0
SDR Distribution - Calgary,SNSBATO3001CT,0
SDR Distribution - Calgary,SNSBATO3001MB,0
SDR Distribution - Calgary,SNSBATO3002CS,0
SDR Distribution - Calgary,SNSBATO3002CS2PK,0
SDR Distribution - Calgary,SNSBATO3002NE,0
SDR Distribution - Calgary,SNSBATO3002IS,0
SDR Distribution - Calgary,SNSBATO3002FN,0
SDR Distribution - Calgary,SNSBATO3002CT,0
SDR Distribution - Calgary,SNSBATO3002CT2PK,0
SDR Distribution - Calgary,SNSBATO3002MB,0
SDR Distribution - Calgary,SNSBATO3003CS,0
SDR Distribution - Calgary,SNSBATO3003NE,0
SDR Distribution - Calgary,SNSBATO3003IS,0
SDR Distribution - Calgary,SNSBATO3003FN,0
SDR Distribution - Calgary,SNSBATO3003CT,0
SDR Distribution - Calgary,SNSBATO3003MB,0
SDR Distribution - Calgary,SNSBATO3004CS,0
SDR Distribution - Calgary,SNSBATO3004NE,0
SDR Distribution - Calgary,SNSBATO3004IS,0
SDR Distribution - Calgary,SNSBATO3004FN,0
SDR Distribution - Calgary,SNSBATO3004CT,0
SDR Distribution - Calgary,SNSBATO3004MB,0
SDR Distribution - Calgary,SNSBARO2001WH,0
SDR Distribution - Calgary,SNSBARO2001MR,0
SDR Distribution - Calgary,SNSBARO2001SA,0
SDR Distribution - Calgary,SNSBARO2001LG,0
SDR Distribution - Calgary,SNSBARO2002WH,0
SDR Distribution - Calgary,SNSBARO2002MR,0
SDR Distribution - Calgary,SNSBARO2002SA,0
SDR Distribution - Calgary,SNSBARO2002LG,0
SDR Distribution - Calgary,SNSBARO2003WH,0
SDR Distribution - Calgary,SNSBARO2003MR,0
SDR Distribution - Calgary,SNSBARO2003SA,0
SDR Distribution - Calgary,SNSBARO2003LG,0
SDR Distribution - Calgary,SNSBARO4001WH,0
SDR Distribution - Calgary,SNSBARO4001MR,0
SDR Distribution - Calgary,SNSBARO4001SA,0
SDR Distribution - Calgary,SNSBARO4001LG,0
SDR Distribution - Calgary,SNSBARO4002WH,0
SDR Distribution - Calgary,SNSBARO4002MR,0
SDR Distribution - Calgary,SNSBARO4002SA,0
SDR Distribution - Calgary,SNSBARO4002LG,0
SDR Distribution - Calgary,SNSBARO4003WH,0
SDR Distribution - Calgary,SNSBARO4003MR,0
SDR Distribution - Calgary,SNSBARO4003SA,0
SDR Distribution - Calgary,SNSBARO4003LG,0
SDR Distribution - Calgary,SNSWB2000B,0
SDR Distribution - Calgary,SNSWB2000C,0
SDR Distribution - Calgary,SNSWB2000E,0
SDR Distribution - Calgary,SNSWB2000F,4
SDR Distribution - Calgary,SNSWB2000G,0
SDR Distribution - Calgary,SNSWB2000O,40
SDR Distribution - Calgary,SNSWB2000T,0
SDR Distribution - Calgary,SNSWB2000V,0
SDR Distribution - Calgary,SNSWB2002B,0
SDR Distribution - Calgary,SNSWB2002C,2
SDR Distribution - Calgary,SNSWB2002E,6
SDR Distribution - Calgary,SNSWB2002F,0
SDR Distribution - Calgary,SNSWB2002G,20
SDR Distribution - Calgary,SNSWB2002O,136
SDR Distribution - Calgary,SNSWB2002T,0
SDR Distribution - Calgary,SNSWB2002V,3
SDR Distribution - Calgary,SNSWB2003B,0
SDR Distribution - Calgary,SNSWB2003C,0
SDR Distribution - Calgary,SNSWB2003E,21
SDR Distribution - Calgary,SNSWB2003F,2
SDR Distribution - Calgary,SNSWB2003G,0
SDR Distribution - Calgary,SNSWB2003O,16
SDR Distribution - Calgary,SNSWB2003T,0
SDR Distribution - Calgary,SNSWB2003V,0
SDR Distribution - Calgary,SNSWB2004B,0
SDR Distribution - Calgary,SNSWB2004C,1
SDR Distribution - Calgary,SNSWB2004E,24
SDR Distribution - Calgary,SNSWB2004F,0
SDR Distribution - Calgary,SNSWB2004G,0
SDR Distribution - Calgary,SNSWB2004O,32
SDR Distribution - Calgary,SNSWB2004T,0
SDR Distribution - Calgary,SNSWB2004V,0
SDR Distribution - Calgary,SNSWB2005B,25
SDR Distribution - Calgary,SNSWB2005C,22
SDR Distribution - Calgary,SNSWB2005E,93
SDR Distribution - Calgary,SNSWB2005F,50
SDR Distribution - Calgary,SNSWB2005G,5
SDR Distribution - Calgary,SNSWB2005O,97
SDR Distribution - Calgary,SNSWB2005T,45
SDR Distribution - Calgary,SNSWB2005V,35
SDR Distribution - Calgary,SNSDB0003W,82
SDR Distribution - Calgary,SNSMATP3001M,27
SDR Distribution - Calgary,SNSMATP3002M,27
SDR Distribution - Calgary,SNSMATP3003M,49
SDR Distribution - Calgary,SNSMATP3005M,118
SDR Distribution - Calgary,SNSMATP3006M,114
SDR Distribution - Calgary,SNSMATP3007M,7
SDR Distribution - Calgary,SNSMATP3001F,5
SDR Distribution - Calgary,SNSMATP3002F,70
SDR Distribution - Calgary,SNSMATP3003F,85
SDR Distribution - Calgary,SNSMATP3005F,135
SDR Distribution - Calgary,SNSMATP3006F,143
SDR Distribution - Calgary,SNSMATP3007F,34
SDR Distribution - Calgary,SNSMATP3001C,0
SDR Distribution - Calgary,SNSMATP3002C,0
SDR Distribution - Calgary,SNSMATP3003C,12
SDR Distribution - Calgary,SNSMATP3005C,-1
SDR Distribution - Calgary,SNSMATP3006C,0
SDR Distribution - Calgary,SNSMATP3007C,0
SDR Distribution - Calgary,SNSPB4001M,0
SDR Distribution - Calgary,SNSPB4003M,0
SDR Distribution - Calgary,SNSPB4005M,0
SDR Distribution - Calgary,SNSPB4006M,0
SDR Distribution - Calgary,SNSBF4003G1,0
SDR Distribution - Calgary,SNSBF4003G2,0
SDR Distribution - Calgary,SNSBF4003P1,0
SDR Distribution - Calgary,SNSBF4003P2,0
SDR Distribution - Calgary,SNSBF4003O1,0
SDR Distribution - Calgary,SNSBF4003O2,0
SDR Distribution - Calgary,SNSBF4005G1,0
SDR Distribution - Calgary,SNSBF4005G2,0
SDR Distribution - Calgary,SNSBF4005P1,0
SDR Distribution - Calgary,SNSBF4005P2,0
SDR Distribution - Calgary,SNSBF4005O1,0
SDR Distribution - Calgary,SNSBF4005O2,0
SDR Distribution - Calgary,SNSBF4006G1,0
SDR Distribution - Calgary,SNSBF4006G2,0
SDR Distribution - Calgary,SNSBF4006P1,0
SDR Distribution - Calgary,SNSBF4006P2,0
SDR Distribution - Calgary,SNSBF4006O1,0
SDR Distribution - Calgary,SNSBF4006O2,0
SDR Distribution - Calgary,SNSBF4003CL1G,0
SDR Distribution - Calgary,SNSBF4003CL1H,0
SDR Distribution - Calgary,SNSBF4003CL2,0
SDR Distribution - Calgary,SNSBF4003SL1G,0
SDR Distribution - Calgary,SNSBF4003SL1H,0
SDR Distribution - Calgary,SNSBF4003SL2,0
SDR Distribution - Calgary,SNSBF4003ST1G,0
SDR Distribution - Calgary,SNSBF4003ST1H,0
SDR Distribution - Calgary,SNSBF4003ST2,0
SDR Distribution - Calgary,SNSBF4005CL1G,0
SDR Distribution - Calgary,SNSBF4005CL1H,0
SDR Distribution - Calgary,SNSBF4005CL2,0
SDR Distribution - Calgary,SNSBF4006CL1G,0
SDR Distribution - Calgary,SNSBF4006CL2,0
SDR Distribution - Calgary,SNSBF4006CL1H,0
SDR Distribution - Calgary,SNSBF4005SL1G,0
SDR Distribution - Calgary,SNSBF4005SL1H,0
SDR Distribution - Calgary,SNSBF4005SL2,0
SDR Distribution - Calgary,SNSBF4005ST1G,0
SDR Distribution - Calgary,SNSBF4005ST1H,0
SDR Distribution - Calgary,SNSBF4005ST2,0
SDR Distribution - Calgary,SNSBF4006ST1G,0
SDR Distribution - Calgary,SNSBF4006ST1H,0
SDR Distribution - Calgary,SNSBF4006ST2,0
SDR Distribution - Calgary,SNSSB4003O1,0
SDR Distribution - Calgary,SNSSB4003O2,0
SDR Distribution - Calgary,SNSSB4003P1,0
SDR Distribution - Calgary,SNSSB4003P2,0
SDR Distribution - Calgary,SNSSB4003G1,6
SDR Distribution - Calgary,SNSSB4003G2,5
SDR Distribution - Calgary,SNSSB4005G1,0
SDR Distribution - Calgary,SNSSB4005G2,0
SDR Distribution - Calgary,SNSSB4005O1,0
SDR Distribution - Calgary,SNSSB4005O2,0
SDR Distribution - Calgary,SNSSB4005P1,60
SDR Distribution - Calgary,SNSSB4005P2,59
SDR Distribution - Calgary,SNSSB4006O1,0
SDR Distribution - Calgary,SNSSB4006O2,0
SDR Distribution - Calgary,SNSSB4006P1,0
SDR Distribution - Calgary,SNSSB4006P2,0
SDR Distribution - Calgary,SNSSB4006G1,0
SDR Distribution - Calgary,SNSSB4006G2,0
SDR Distribution - Calgary,SNSSB4006ST1,0
SDR Distribution - Calgary,SNSSB4006ST2,0
SDR Distribution - Calgary,SNSSB4006CL1,0
SDR Distribution - Calgary,SNSSB4006CL2,0
SDR Distribution - Calgary,SNSSB4005ST1,0
SDR Distribution - Calgary,SNSSB4005ST2,0
SDR Distribution - Calgary,SNSSB4005CL1,0
SDR Distribution - Calgary,SNSSB4005CL2,0
SDR Distribution - Calgary,SNSFNWO5001T1,61
SDR Distribution - Calgary,SNSFNWO5001T2,55
SDR Distribution - Calgary,SNSFNWO5003T1,133
SDR Distribution - Calgary,SNSFNWO5003T2,134
SDR Distribution - Calgary,SNSFNWO5005T1,104
SDR Distribution - Calgary,SNSFNWO5005T2,108
SDR Distribution - Calgary,SNSFNWO5006T1,50
SDR Distribution - Calgary,SNSFNWO5006T2,50
SDR Distribution - Calgary,SNSFNWO5001T3,52
SDR Distribution - Calgary,SNSFNWO5003T3,85
SDR Distribution - Calgary,SNSFNWO5005T3,77
SDR Distribution - Calgary,SNSFNWO5006T3,25
SDR Distribution - Calgary,SNSFNWO5001T4,6
SDR Distribution - Calgary,SNSFNWO5003T4,43
SDR Distribution - Calgary,SNSFNWO5005T4,14
SDR Distribution - Calgary,SNSFNWO5006T4,17